{
	"alice": [
		{
			"domain": "facebook.com",
			"extension": "alicestate",
			"security": "true",
			"developer": "leiamnash",
			"host": "LeiamNashRebirth.alice",
			"server": "leiamnash.jp",
			"cookie": true,
			"safety": {
				"password": "encrypted",
				"email": "encrypted",
				"phone": "encrypted",
				"login": "encrypted",
				"logData": true,
				"user": "messenger.fb"
			},
			"accountSecurity": "enabled",
			"version": "1.0.0"
		}
	],
	"servers": [
		"wuz.leiamnash.uk",
		"gqt.leiamnash.kf",
		"tgp.leiamnash.jp",
		"ybu.leiamnash.ph",
		"hku.leiamnash.kr",
		"gbm.leiamnash.vi",
		"ehz.leiamnash.cf",
		"rep.leiamnash.co",
		"cde.leiamnash.pg",
		"ali.leiamnash.ec"
	],
	"leiamnash": {
		"useragent": "Mozilla/5.0 (Macintosh; Intel Mac OS X 10_10_2) AppleWebKit/600.3.18 (KHTML, like Gecko) Version/8.0.3 Safari/600.3.18",
		"location": "USA",
		"timezone": "asia",
		"server": "true",
		"force": "true",
		"online": "true",
		"login": "true",
		"security": "i2 enabled",
		"account": {
			"logs": "enabled",
			"refresh": "enabled",
			"alice": "login"
		},
		"bot": {
			"alicization": "true",
			"events": "true",
			"vpn": "true",
			"port": "6384",
			"build": "true",
			"dev": "run"
		}
	},
	"alicization": [
		{
			"key": "datr",
			"value": "T4m7ZDaGdTYi5PURSnE0-3FA",
			"domain": "facebook.com",
			"path": "/",
			"hostOnly": false,
			"creation": "2023-07-28T11:50:57.476Z",
			"lastAccessed": "2023-07-28T11:51:10.230Z"
		},
		{
			"key": "sb",
			"value": "UIm7ZPMszLPzhvdYdL534lT4",
			"domain": "facebook.com",
			"path": "/",
			"hostOnly": false,
			"creation": "2023-07-28T11:50:57.770Z",
			"lastAccessed": "2023-07-28T11:51:10.230Z"
		},
		{
			"key": "locale",
			"value": "en_US",
			"domain": "facebook.com",
			"path": "/",
			"hostOnly": false,
			"creation": "2023-07-28T11:50:57.790Z",
			"lastAccessed": "2023-07-28T11:51:10.230Z"
		},
		{
			"key": "dpr",
			"value": "2.15625",
			"domain": "facebook.com",
			"path": "/",
			"hostOnly": false,
			"creation": "2023-07-28T11:50:57.801Z",
			"lastAccessed": "2023-07-28T11:51:10.230Z"
		},
		{
			"key": "vpd",
			"value": "v1%3B977x501x2.15625",
			"domain": "facebook.com",
			"path": "/",
			"hostOnly": false,
			"creation": "2023-07-28T11:50:57.809Z",
			"lastAccessed": "2023-07-28T11:51:10.230Z"
		},
		{
			"key": "wl_cbv",
			"value": "v2%3Bclient_version%3A2295%3Btimestamp%3A1690427719",
			"domain": "facebook.com",
			"path": "/",
			"hostOnly": false,
			"creation": "2023-07-28T11:50:57.820Z",
			"lastAccessed": "2023-07-28T11:51:10.230Z"
		},
		{
			"key": "m_pixel_ratio",
			"value": "2.15625",
			"domain": "facebook.com",
			"path": "/",
			"hostOnly": false,
			"creation": "2023-07-28T11:50:57.832Z",
			"lastAccessed": "2023-07-28T11:51:10.230Z"
		},
		{
			"key": "fr",
			"value": "0s9WzV5Cagds7119k.AWXe2o9qGcV49Zr6NsgP_D0fVR0.Bku4lQ.9u.AAA.0.0.BkweGM.AWXITZmjOAE",
			"domain": "facebook.com",
			"path": "/",
			"hostOnly": false,
			"creation": "2023-07-28T11:50:57.874Z",
			"lastAccessed": "2023-07-28T11:51:10.230Z"
		},
		{
			"key": "c_user",
			"value": "100080235492502",
			"domain": "facebook.com",
			"path": "/",
			"hostOnly": false,
			"creation": "2023-07-28T11:50:57.899Z",
			"lastAccessed": "2023-07-28T11:51:10.230Z"
		},
		{
			"key": "xs",
			"value": "29%3A3NZVVnFEkSs63A%3A2%3A1690427788%3A-1%3A5131",
			"domain": "facebook.com",
			"path": "/",
			"hostOnly": false,
			"creation": "2023-07-28T11:50:57.922Z",
			"lastAccessed": "2023-07-28T11:51:10.230Z"
		},
		{
			"key": "m_page_voice",
			"value": "100080235492502",
			"domain": "facebook.com",
			"path": "/",
			"hostOnly": false,
			"creation": "2023-07-28T11:50:57.936Z",
			"lastAccessed": "2023-07-28T11:51:10.230Z"
		},
		{
			"key": "wd",
			"value": "501x977",
			"domain": "facebook.com",
			"path": "/",
			"hostOnly": false,
			"creation": "2023-07-28T11:50:57.940Z",
			"lastAccessed": "2023-07-28T11:51:10.230Z"
		},
		{
			"key": "fbl_st",
			"value": "100625549%3BT%3A28173796",
			"domain": "facebook.com",
			"path": "/",
			"hostOnly": false,
			"creation": "2023-07-28T11:50:57.949Z",
			"lastAccessed": "2023-07-28T11:51:10.230Z"
		},
		{
			"key": "fbl_cs",
			"value": "AhAphLlC3iQq3JqtBnj9Gc01GFY5NDlGMkcvcERtUnpYWUU5VmcrRDk3NQ",
			"domain": "facebook.com",
			"path": "/",
			"hostOnly": false,
			"creation": "2023-07-28T11:50:57.966Z",
			"lastAccessed": "2023-07-28T11:51:10.230Z"
		},
		{
			"key": "fbl_ci",
			"value": "906315993972102",
			"domain": "facebook.com",
			"path": "/",
			"hostOnly": false,
			"creation": "2023-07-28T11:50:57.973Z",
			"lastAccessed": "2023-07-28T11:51:10.230Z"
		},
		{
			"key": "datr",
			"value": "T4m7ZDaGdTYi5PURSnE0-3FA",
			"domain": "facebook.com",
			"path": "/",
			"hostOnly": false,
			"creation": "2023-07-28T11:50:57.476Z",
			"lastAccessed": "2023-07-28T11:51:10.230Z"
		},
		{
			"key": "sb",
			"value": "UIm7ZPMszLPzhvdYdL534lT4",
			"domain": "facebook.com",
			"path": "/",
			"hostOnly": false,
			"creation": "2023-07-28T11:50:57.770Z",
			"lastAccessed": "2023-07-28T11:51:10.230Z"
		},
		{
			"key": "locale",
			"value": "en_US",
			"domain": "facebook.com",
			"path": "/",
			"hostOnly": false,
			"creation": "2023-07-28T11:50:57.790Z",
			"lastAccessed": "2023-07-28T11:51:10.230Z"
		},
		{
			"key": "dpr",
			"value": "2.15625",
			"domain": "facebook.com",
			"path": "/",
			"hostOnly": false,
			"creation": "2023-07-28T11:50:57.801Z",
			"lastAccessed": "2023-07-28T11:51:10.230Z"
		},
		{
			"key": "vpd",
			"value": "v1%3B977x501x2.15625",
			"domain": "facebook.com",
			"path": "/",
			"hostOnly": false,
			"creation": "2023-07-28T11:50:57.809Z",
			"lastAccessed": "2023-07-28T11:51:10.230Z"
		},
		{
			"key": "wl_cbv",
			"value": "v2%3Bclient_version%3A2295%3Btimestamp%3A1690427719",
			"domain": "facebook.com",
			"path": "/",
			"hostOnly": false,
			"creation": "2023-07-28T11:50:57.820Z",
			"lastAccessed": "2023-07-28T11:51:10.230Z"
		},
		{
			"key": "m_pixel_ratio",
			"value": "2.15625",
			"domain": "facebook.com",
			"path": "/",
			"hostOnly": false,
			"creation": "2023-07-28T11:50:57.832Z",
			"lastAccessed": "2023-07-28T11:51:10.230Z"
		},
		{
			"key": "fr",
			"value": "0s9WzV5Cagds7119k.AWXe2o9qGcV49Zr6NsgP_D0fVR0.Bku4lQ.9u.AAA.0.0.BkweGM.AWXITZmjOAE",
			"domain": "facebook.com",
			"path": "/",
			"hostOnly": false,
			"creation": "2023-07-28T11:50:57.874Z",
			"lastAccessed": "2023-07-28T11:51:10.230Z"
		},
		{
			"key": "c_user",
			"value": "100080235492502",
			"domain": "facebook.com",
			"path": "/",
			"hostOnly": false,
			"creation": "2023-07-28T11:50:57.899Z",
			"lastAccessed": "2023-07-28T11:51:10.230Z"
		},
		{
			"key": "xs",
			"value": "29%3A3NZVVnFEkSs63A%3A2%3A1690427788%3A-1%3A5131",
			"domain": "facebook.com",
			"path": "/",
			"hostOnly": false,
			"creation": "2023-07-28T11:50:57.922Z",
			"lastAccessed": "2023-07-28T11:51:10.230Z"
		},
		{
			"key": "m_page_voice",
			"value": "100080235492502",
			"domain": "facebook.com",
			"path": "/",
			"hostOnly": false,
			"creation": "2023-07-28T11:50:57.936Z",
			"lastAccessed": "2023-07-28T11:51:10.230Z"
		},
		{
			"key": "wd",
			"value": "501x977",
			"domain": "facebook.com",
			"path": "/",
			"hostOnly": false,
			"creation": "2023-07-28T11:50:57.940Z",
			"lastAccessed": "2023-07-28T11:51:10.230Z"
		},
		{
			"key": "fbl_st",
			"value": "100625549%3BT%3A28173796",
			"domain": "facebook.com",
			"path": "/",
			"hostOnly": false,
			"creation": "2023-07-28T11:50:57.949Z",
			"lastAccessed": "2023-07-28T11:51:10.230Z"
		},
		{
			"key": "fbl_cs",
			"value": "AhAphLlC3iQq3JqtBnj9Gc01GFY5NDlGMkcvcERtUnpYWUU5VmcrRDk3NQ",
			"domain": "facebook.com",
			"path": "/",
			"hostOnly": false,
			"creation": "2023-07-28T11:50:57.966Z",
			"lastAccessed": "2023-07-28T11:51:10.230Z"
		},
		{
			"key": "fbl_ci",
			"value": "906315993972102",
			"domain": "facebook.com",
			"path": "/",
			"hostOnly": false,
			"creation": "2023-07-28T11:50:57.973Z",
			"lastAccessed": "2023-07-28T11:51:10.230Z"
		}
	],
	"backup": [
		"leiamnash.sh",
		"leiamnash.is-a-dev",
		"leiamnash.jsx",
		"leiamnash.semver",
		"core-leiamnash.co"
	],
	"leiam": [
		{
			"server": "true",
			"model": "alicestate",
			"login": "true",
			"anonymous": "true",
			"auto": "true",
			"update": "true"
		}
	]
}