{
    "100089121086146": {
        "exp": 42,
        "level": 3,
        "points": 70
    },
    "100037786254043": {
        "exp": 7,
        "level": 1,
        "points": 10
    },
    "100008729868322": {
        "exp": 101,
        "level": 4,
        "points": 150
    },
    "100089711948435": {
        "exp": 33,
        "level": 3,
        "points": 70
    },
    "100063657511789": {
        "exp": 16,
        "level": 2,
        "points": 30
    },
    "100087421007263": {
        "exp": 2,
        "level": 1,
        "points": 10
    },
    "100043119473552": {
        "exp": 13,
        "level": 2,
        "points": 30
    },
    "100075888655381": {
        "exp": 5,
        "level": 1,
        "points": 10
    },
    "100091718318656": {
        "exp": 9,
        "level": 1,
        "points": 10
    },
    "100059618945119": {
        "exp": 4,
        "level": 1,
        "points": 10
    },
    "100084554135417": {
        "exp": 15,
        "level": 2,
        "points": 30
    },
    "100093283726406": {
        "exp": 1,
        "level": 1,
        "points": 10
    },
    "100047716923529": {
        "exp": 4,
        "level": 1,
        "points": 10
    },
    "100061611713076": {
        "exp": 2,
        "level": 1,
        "points": 10
    },
    "100734865018267": {
        "exp": 4,
        "level": 1,
        "points": 10
    },
    "100078092950312": {
        "exp": 1,
        "level": 1,
        "points": 10
    },
    "100034010018515": {
        "exp": 2,
        "level": 1,
        "points": 10
    },
    "100068768148581": {
        "exp": 5,
        "level": 1,
        "points": 10
    },
    "100085326373766": {
        "exp": 1,
        "level": 1,
        "points": 10
    },
    "100091566885868": {
        "exp": 2,
        "level": 1,
        "points": 10
    },
    "100092299615024": {
        "exp": 2,
        "level": 1,
        "points": 10
    },
    "100086752757277": {
        "exp": 1,
        "level": 1,
        "points": 10
    },
    "100077444764793": {
        "exp": 1,
        "level": 1,
        "points": 10
    },
    "100083204028394": {
        "exp": 4,
        "level": 1,
        "points": 10
    },
    "100093443211466": {
        "exp": 1,
        "level": 1,
        "points": 10
    }
}